203,5,Selfie
205,5,Black&White
209,5,Selfie
210,5,Friendship
211,5,OOTD
207,5,Selfie
215,5,Selfie
216,5,OOTD
218,5,Happy
220,5,Friendship
222,5,Selfie
224,5,OOTD
225,5,OOTD
228,5,Selfie
230,5,Selfie
231,5,Selfie
233,5,Selfie
234,5,Selfie
236,5,OOTD
237,5,OOTD
335,5,OOTD
242,5,Travel
357,5,Selfie
361,5,Selfie
362,5,Happy
364,5,Happy
366,5,Luxury
368,5,Selfie
371,5,Travel
373,5,Selfie
375,5,Sexy
389,5,Happy
390,5,Luxury
393,5,Happy
403,5,Friendship
401,5,Happy
407,5,Selfie
409,5,Travel
412,5,Selfie
414,5,Selfie
416,5,Selfie
419,5,Selfie
423,5,Happy
425,5,Happy
440,5,Sexy
427,5,Friendship
437,5,Travel
453,5,Friendship
455,5,Selfie
461,5,OOTD
462,5,Selfie
465,5,Selfie
468,5,Happy
589,5,Happy
597,5,Selfie
796,5,Luxury
682,5,OOTD
688,5,Selfie
694,5,Selfie
700,5,Travel
716,5,Selfie
737,5,Happy
705,5,Travel
710,5,Happy
1148,5,Sexy
1143,5,Happy
1404,5,Selfie
1498,5,Travel
1791,5,Selfie
1800,5,Selfie
1801,5,Selfie
1883,5,Selfie
1809,5,Selfie
1930,5,Selfie
2082,5,Selfie
2390,5,Selfie
2524,5,Happy
2553,5,Selfie
2621,5,Friendship
2680,5,Sexy
2661,5,Selfie
2997,5,Selfie
3200,5,Selfie
3144,6,OOTD
3176,6,Selfie
3177,6,Friendship
3178,6,OOTD
3179,6,Happy
3180,6,Happy
3181,6,Happy
3182,6,Friendship
3183,6,Selfie
3184,6,Friendship
3185,6,OOTD
3000,6,Sexy
3140,6,Sexy
3141,6,Luxury
3142,6,Happy
3168,6,Happy
3169,6,Friendship
3170,6,Friendship
3171,6,Travel
3172,6,OOTD
3173,6,Selfie
3174,6,Happy
2998,6,Selfie
2659,6,Selfie
2660,6,Selfie
3005,6,Friendship
3006,6,Selfie
3007,6,Travel
3057,6,Luxury
3058,6,Selfie
3059,6,Luxury
3063,6,Friendship
3064,6,Travel
3065,6,Selfie
3066,6,Luxury
3067,6,Travel
3146,6,Happy
3147,6,Happy
3148,6,Selfie
3149,6,Selfie
3152,6,Happy
3153,6,Selfie
3155,6,Sexy
3156,6,Selfie
3157,6,Sexy
3158,6,Selfie
3159,6,Travel
3160,6,Selfie
3161,6,Happy
3162,6,Selfie
3163,6,Happy
3164,6,Selfie
3165,6,Luxury
3166,6,Happy
3009,6,Selfie
3010,6,OOTD
3011,6,Friendship
3013,6,OOTD
3014,6,OOTD
3015,6,Selfie
3016,6,Happy
3017,6,OOTD
3018,6,Sexy
3019,6,Happy
3020,6,Selfie
3021,6,Happy
3022,6,Travel
3023,6,OOTD
3024,6,Happy
3025,6,Happy
3026,6,Selfie
3027,6,Selfie
3037,6,Friendship
3039,6,Selfie
3040,6,Luxury
3041,6,Sexy
3042,6,Selfie
3043,6,Selfie
3044,6,Happy
3045,6,Friendship
3046,6,OOTD
3047,6,OOTD
3048,6,Friendship
3049,6,Selfie
3050,6,OOTD
3051,6,Selfie
3052,6,Selfie
3053,6,Happy
3055,6,Travel
3099,6,Selfie
3103,6,OOTD
3104,6,Sexy
3105,6,Happy
3106,6,Sexy
3107,6,Selfie
3108,6,OOTD
3109,6,OOTD
3110,6,OOTD
3111,6,OOTD
3112,6,BodySweat
3113,6,Friendship
3114,6,Travel
3115,6,Friendship
3116,6,Selfie
3117,6,Travel
3118,6,Selfie
3119,6,Selfie
3120,6,Selfie
3121,6,OOTD
3122,6,Travel
3123,6,Sexy
3124,6,OOTD
3125,6,Happy
3126,6,Friendship
3127,6,Friendship
3128,6,OOTD
3129,6,OOTD
3133,6,OOTD
3135,6,Happy
3137,6,OOTD
3138,6,OOTD
2662,6,Selfie
2663,6,Selfie
2664,6,Selfie
2665,6,Selfie
2666,6,Travel
2667,6,Selfie
2668,6,OOTD
2669,6,Happy
2670,6,Friendship
2671,6,Friendship
2672,6,OOTD
2674,6,Sexy
2675,6,OOTD
2676,6,Friendship
2677,6,Happy
2678,6,Sexy
2945,6,Workout
2946,6,Sexy
2947,6,OOTD
2948,6,Happy
2949,6,Happy
2950,6,Friendship
2951,6,Happy
2952,6,Happy
2953,6,Happy
2954,6,Selfie
2955,6,Selfie
2957,6,Travel
2958,6,Selfie
2961,6,Happy
2962,6,Travel
2964,6,Happy
2965,6,Sexy
2966,6,Happy
2967,6,Selfie
2968,6,Selfie
2969,6,Selfie
2970,6,Happy
2971,6,OOTD
2972,6,Selfie
2973,6,Selfie
2974,6,Luxury
2975,6,Selfie
2991,6,Happy
2734,6,Selfie
2735,6,Selfie
2736,6,Selfie
2737,6,Friendship
2738,6,Selfie
2740,6,Selfie
2741,6,Selfie
2742,6,Selfie
2743,6,Friendship
2744,6,Sexy
2745,6,Sexy
2746,6,Happy
2747,6,Selfie
2748,6,OOTD
2749,6,OOTD
2750,6,Selfie
2752,6,Selfie
2753,6,Selfie
2754,6,Selfie
2755,6,OOTD
2756,6,OOTD
2758,6,Selfie
2759,6,Selfie
2760,6,Selfie
2761,6,Selfie
2762,6,Selfie
2763,6,OOTD
2764,6,Happy
2766,6,OOTD
2767,6,Selfie
2768,6,Happy
2769,6,OOTD
2770,6,Selfie
2774,6,Selfie
2775,6,OOTD
2776,6,Selfie
2777,6,Friendship
2778,6,Selfie
2782,6,Workout
2783,6,OOTD
2802,6,Happy
2803,6,Luxury
2804,6,Happy
2805,6,Selfie
2806,6,Happy
2807,6,Happy
2809,6,Happy
2810,6,Luxury
2813,6,OOTD
2814,6,Selfie
2815,6,Friendship
2817,6,Friendship
2818,6,Happy
2820,6,Selfie
2821,6,Happy
2822,6,Sexy
2823,6,Selfie
2824,6,Selfie
2825,6,OOTD
2829,6,Sexy
2830,6,Happy
2831,6,Happy
2832,6,Luxury
2833,6,Happy
2834,6,OOTD
2835,6,Selfie
2836,6,Friendship
2837,6,Selfie
2838,6,Happy
2839,6,Selfie
2841,6,Selfie
2842,6,Selfie
2843,6,Selfie
2844,6,Selfie
2845,6,Selfie
2846,6,OOTD
2847,6,OOTD
2848,6,Happy
2849,6,Selfie
2850,6,OOTD
2851,6,Happy
2852,6,Selfie
2853,6,OOTD
2854,6,Happy
2855,6,Happy
2856,6,Selfie
2857,6,OOTD
2858,6,OOTD
2859,6,Selfie
2860,6,Selfie
2861,6,Selfie
2862,6,OOTD
2863,6,OOTD
2864,6,OOTD
2865,6,Selfie
2866,6,Selfie
2867,6,Selfie
2868,6,Selfie
2870,6,Happy
2871,6,Sexy
2872,6,Selfie
2873,6,Happy
2874,6,Travel
2875,6,Selfie
2878,6,Friendship
2879,6,Travel
2880,6,Selfie
2881,6,Selfie
2882,6,OOTD
2883,6,OOTD
2884,6,Selfie
2885,6,Selfie
2886,6,OOTD
2887,6,Friendship
2888,6,Selfie
2889,6,OOTD
2890,6,Happy
2891,6,Selfie
2892,6,Friendship
2893,6,Selfie
2894,6,Selfie
2895,6,BodySweat
2896,6,OOTD
2897,6,Selfie
2898,6,OOTD
2899,6,Selfie
2900,6,OOTD
2901,6,Selfie
2902,6,OOTD
2903,6,Selfie
2904,6,Selfie
2905,6,Sexy
2906,6,Happy
2907,6,Travel
2908,6,Travel
2910,6,Travel
2911,6,Selfie
2912,6,Happy
2913,6,Selfie
2914,6,Sexy
2915,6,OOTD
2916,6,Happy
2917,6,Selfie
2918,6,OOTD
2919,6,Travel
2920,6,Selfie
2921,6,Selfie
2922,6,OOTD
2923,6,Selfie
2925,6,Selfie
2926,6,Selfie
2927,6,OOTD
2929,6,Selfie
2930,6,BodySweat
2931,6,OOTD
2932,6,Travel
2933,6,Happy
2934,6,Selfie
2935,6,Selfie
2936,6,OOTD
2937,6,Black&White
2938,6,Happy
2939,6,Luxury
2940,6,Selfie
2941,6,Travel
2942,6,OOTD
2943,6,Luxury
3296,6,Sexy
3297,6,Luxury
3298,6,Happy
3299,6,OOTD
3300,6,Selfie
3301,6,OOTD
3302,6,Luxury
3303,6,BodySweat
3304,6,Luxury
3305,6,Friendship
3306,6,Friendship
3307,6,OOTD
3308,6,Happy
3309,6,Friendship
3310,6,Happy
3311,6,OOTD
3312,6,Happy
3313,6,Happy
3315,6,Happy
3316,6,Luxury
3317,6,Selfie
3318,6,Selfie
3319,6,Selfie
3320,6,Selfie
3321,6,Travel
3283,6,OOTD
3286,6,Selfie
2682,6,Friendship
2683,6,Selfie
2684,6,Travel
2686,6,Selfie
2687,6,Happy
2688,6,OOTD
2690,6,Selfie
2691,6,OOTD
2692,6,Travel
2693,6,Travel
2694,6,Happy
2695,6,Friendship
2696,6,Happy
2697,6,Friendship
2699,6,Happy
2700,6,Happy
2701,6,Friendship
2704,6,Happy
2705,6,OOTD
2706,6,Selfie
2707,6,OOTD
2708,6,Selfie
2709,6,Happy
2710,6,OOTD
2711,6,Happy
2713,6,Happy
2714,6,Happy
2715,6,Selfie
2716,6,OOTD
2717,6,OOTD
2718,6,BodySweat
2720,6,Sexy
2721,6,Happy
2722,6,Selfie
2723,6,Luxury
2724,6,BodySweat
2725,6,Selfie
2726,6,OOTD
2732,6,BodySweat
2623,6,Happy
2624,6,Selfie
2625,6,Sexy
2626,6,Selfie
2627,6,Travel
2628,6,Selfie
2629,6,Happy
2630,6,Selfie
2631,6,Travel
2632,6,Selfie
2633,6,OOTD
2634,6,OOTD
2636,6,Selfie
2637,6,OOTD
2639,6,Selfie
2640,6,Friendship
2641,6,Happy
2642,6,Happy
2643,6,Happy
2644,6,OOTD
2646,6,Travel
2647,6,Happy
2648,6,Travel
2649,6,Selfie
2650,6,OOTD
2651,6,Selfie
2652,6,Selfie
2653,6,Selfie
2654,6,Happy
2655,6,Selfie
2656,6,BodySweat
2657,6,Happy
2554,6,Happy
2555,6,Selfie
2556,6,Friendship
2557,6,OOTD
2558,6,Selfie
2559,6,Friendship
2560,6,Happy
1633,6,Happy
2080,6,Happy
2549,6,Selfie
2550,6,Selfie
2551,6,Selfie
2562,6,Happy
2563,6,Happy
2564,6,OOTD
2565,6,Selfie
2566,6,Friendship
2567,6,Selfie
2568,6,Selfie
2569,6,BodySweat
2572,6,OOTD
2573,6,OOTD
2574,6,Selfie
2575,6,OOTD
2576,6,Friendship
2577,6,Selfie
2578,6,Happy
2579,6,OOTD
2580,6,Selfie
2581,6,Selfie
2582,6,Selfie
2583,6,OOTD
2585,6,BodySweat
2586,6,Happy
2587,6,Happy
2588,6,OOTD
2589,6,Happy
2590,6,OOTD
2592,6,BodySweat
2593,6,Friendship
2594,6,Selfie
2595,6,Selfie
2596,6,Sexy
2597,6,Selfie
2598,6,Selfie
2600,6,OOTD
2601,6,OOTD
2602,6,OOTD
2603,6,Happy
2604,6,OOTD
2605,6,OOTD
2606,6,Selfie
2608,6,OOTD
2609,6,OOTD
2611,6,Happy
2612,6,Friendship
2613,6,Travel
2614,6,Selfie
2615,6,Selfie
2616,6,OOTD
2617,6,Selfie
2618,6,Selfie
2619,6,OOTD
2620,6,OOTD
2525,6,Selfie
2526,6,Friendship
2527,6,Happy
2528,6,Happy
2529,6,Friendship
2530,6,Happy
2531,6,Black&White
2532,6,OOTD
2543,6,Selfie
2544,6,Friendship
2545,6,Selfie
2546,6,Friendship
2547,6,Selfie
2380,6,Sexy
2381,6,Sexy
2382,6,Happy
2383,6,Sexy
2384,6,Sexy
1870,6,OOTD
1871,6,Selfie
1872,6,Travel
1873,6,Happy
1874,6,Selfie
1877,6,Happy
1878,6,OOTD
1879,6,Happy
1880,6,OOTD
1881,6,OOTD
1882,6,Luxury
1952,6,Sexy
1953,6,OOTD
1954,6,OOTD
1955,6,Selfie
1956,6,Selfie
1957,6,Travel
1958,6,Travel
1959,6,Travel
1960,6,Travel
1961,6,Selfie
1962,6,OOTD
1963,6,Travel
2391,6,Selfie
2392,6,Selfie
2393,6,Sexy
2394,6,Selfie
2395,6,Happy
2396,6,Travel
2397,6,Friendship
2398,6,Travel
2399,6,Friendship
2400,6,OOTD
2401,6,OOTD
2402,6,Sexy
2403,6,Happy
2404,6,Happy
2405,6,Selfie
2406,6,OOTD
2407,6,Selfie
2408,6,Happy
2413,6,Happy
2414,6,Happy
2415,6,Selfie
2416,6,Sexy
2417,6,OOTD
2418,6,Happy
2419,6,Happy
2420,6,OOTD
2421,6,Selfie
2422,6,Happy
2423,6,Travel
2424,6,OOTD
2425,6,Travel
2426,6,OOTD
2427,6,Friendship
2428,6,Selfie
2429,6,Happy
2430,6,Friendship
2431,6,Selfie
2432,6,OOTD
2433,6,OOTD
2434,6,Selfie
2435,6,Happy
2437,6,OOTD
2438,6,OOTD
2439,6,Friendship
2440,6,Selfie
2441,6,Friendship
2442,6,Workout
2443,6,OOTD
2444,6,Happy
2445,6,Travel
2446,6,Black&White
2447,6,Selfie
2448,6,Friendship
2458,6,Happy
2459,6,Selfie
2462,6,Sexy
2463,6,Travel
2464,6,Selfie
2465,6,Happy
2466,6,OOTD
2468,6,Selfie
2469,6,Selfie
2470,6,Happy
2471,6,Friendship
2472,6,OOTD
2474,6,Happy
2479,6,Selfie
2480,6,Happy
2481,6,Selfie
2482,6,Selfie
2483,6,Selfie
2484,6,OOTD
2485,6,Happy
2486,6,OOTD
2487,6,OOTD
2488,6,OOTD
2489,6,OOTD
2490,6,Happy
2491,6,Travel
2492,6,Happy
2493,6,Sexy
2494,6,Friendship
2495,6,Happy
2496,6,Selfie
2497,6,Selfie
2498,6,Happy
2499,6,OOTD
2500,6,Happy
2501,6,Happy
2503,6,OOTD
2504,6,OOTD
2505,6,Sexy
2506,6,Travel
2507,6,Happy
2508,6,OOTD
2509,6,Happy
2510,6,Happy
2511,6,Happy
2512,6,Selfie
2513,6,Friendship
2514,6,Happy
2515,6,Selfie
2516,6,Selfie
2517,6,OOTD
2518,6,Selfie
2519,6,Selfie
2520,6,Selfie
2521,6,Happy
2522,6,OOTD
2523,6,Happy
2083,6,Selfie
2084,6,Travel
2087,6,Happy
2088,6,Happy
2090,6,Selfie
2091,6,Black&White
2092,6,OOTD
2093,6,Selfie
2094,6,Friendship
2095,6,Friendship
2096,6,Happy
2097,6,Luxury
2098,6,Selfie
2099,6,Selfie
2100,6,Selfie
2101,6,Travel
2102,6,OOTD
2103,6,Selfie
2104,6,Sexy
2105,6,Travel
2106,6,Selfie
2107,6,Selfie
2108,6,Happy
2109,6,Friendship
2110,6,Happy
2111,6,Happy
2113,6,Sexy
2114,6,Friendship
2115,6,OOTD
2116,6,Selfie
2117,6,Selfie
2118,6,Selfie
2119,6,OOTD
2120,6,Happy
2121,6,Happy
2122,6,OOTD
2123,6,Friendship
2124,6,Happy
2125,6,OOTD
2126,6,Happy
2127,6,Travel
2128,6,Selfie
2129,6,Workout
2130,6,Friendship
2131,6,Selfie
2133,6,Happy
2134,6,Happy
2135,6,Selfie
2136,6,Selfie
2137,6,Selfie
2138,6,Selfie
2139,6,Selfie
2140,6,Selfie
2141,6,Friendship
2147,6,Happy
2148,6,OOTD
2149,6,Selfie
2150,6,Happy
2151,6,Sexy
2152,6,Sexy
2153,6,Happy
2154,6,Happy
2155,6,OOTD
2156,6,Friendship
2157,6,Selfie
2158,6,Travel
2159,6,OOTD
2160,6,Selfie
2162,6,Selfie
2163,6,Selfie
2164,6,Selfie
2165,6,OOTD
2167,6,Luxury
1965,6,OOTD
1966,6,Happy
1967,6,Happy
1969,6,Sexy
1970,6,Happy
1971,6,Happy
1972,6,Travel
1973,6,Selfie
1974,6,Friendship
1975,6,Sexy
1976,6,Selfie
1977,6,Friendship
1978,6,Black&White
1984,6,Happy
1985,6,Selfie
1986,6,Happy
1989,6,OOTD
1991,6,Happy
1992,6,Selfie
1993,6,Sexy
1994,6,Selfie
1995,6,Selfie
1996,6,Happy
1997,6,OOTD
1998,6,OOTD
1999,6,Happy
2000,6,OOTD
2001,6,OOTD
2002,6,Happy
2003,6,OOTD
2004,6,Friendship
2005,6,Friendship
2006,6,Happy
2009,6,Happy
2010,6,Friendship
2011,6,Travel
2012,6,Travel
2013,6,Travel
2014,6,OOTD
2015,6,Friendship
2016,6,Travel
2017,6,Friendship
2018,6,Happy
2019,6,Luxury
2021,6,OOTD
2022,6,Workout
2023,6,Selfie
2024,6,Selfie
2025,6,Friendship
2026,6,Happy
2027,6,Happy
2028,6,Travel
2029,6,OOTD
2030,6,OOTD
2031,6,OOTD
2032,6,Happy
2033,6,Travel
2034,6,Travel
2035,6,Friendship
2037,6,Travel
2038,6,Travel
2044,6,Friendship
2045,6,Workout
2046,6,Selfie
2047,6,Happy
2048,6,Friendship
2049,6,Selfie
2050,6,Selfie
2051,6,Selfie
2052,6,Selfie
2057,6,Happy
2058,6,Happy
2059,6,Happy
2061,6,OOTD
2062,6,Luxury
2063,6,OOTD
2064,6,BodySweat
2065,6,Friendship
2066,6,Happy
2067,6,Happy
2069,6,OOTD
2070,6,Happy
2071,6,Happy
2072,6,Selfie
2074,6,BodySweat
2075,6,Selfie
2076,6,Travel
2077,6,Happy
2078,6,Travel
2169,6,Travel
2170,6,Black&White
2171,6,Travel
2172,6,Selfie
2173,6,Friendship
2174,6,Happy
2175,6,Friendship
2176,6,Workout
2177,6,Friendship
2178,6,Friendship
2179,6,Selfie
2180,6,OOTD
2181,6,Happy
2184,6,Luxury
2185,6,Luxury
2186,6,Selfie
2187,6,Happy
2188,6,Selfie
2189,6,Happy
2190,6,OOTD
2191,6,Luxury
2192,6,OOTD
2193,6,Travel
2194,6,OOTD
2195,6,Happy
2196,6,Selfie
2198,6,OOTD
2199,6,OOTD
2200,6,Happy
2201,6,Selfie
2202,6,OOTD
2203,6,OOTD
2223,6,Selfie
2224,6,OOTD
2225,6,Selfie
2228,6,Friendship
2229,6,Friendship
2230,6,Happy
2233,6,Friendship
2234,6,Costumes
2235,6,Friendship
2236,6,Happy
2237,6,OOTD
2238,6,Happy
2239,6,Happy
2240,6,Selfie
2241,6,Happy
2242,6,Luxury
2243,6,Happy
2244,6,Friendship
2245,6,Workout
2246,6,Selfie
2247,6,Happy
2248,6,Selfie
2249,6,Travel
2250,6,OOTD
2251,6,Selfie
2252,6,Happy
2253,6,Happy
2254,6,Selfie
2255,6,Selfie
2257,6,Travel
2258,6,Travel
2259,6,Sexy
2260,6,Travel
2261,6,Selfie
2262,6,Selfie
2263,6,Selfie
2264,6,Happy
2265,6,Selfie
2266,6,Happy
2267,6,OOTD
2268,6,Happy
2269,6,Travel
2270,6,Friendship
2271,6,Friendship
2272,6,Friendship
2273,6,Friendship
2274,6,Selfie
2275,6,OOTD
2276,6,Black&White
2277,6,Happy
2278,6,Friendship
2279,6,Black&White
2280,6,Selfie
2281,6,Happy
2282,6,Selfie
2283,6,Friendship
2284,6,Happy
2285,6,Happy
2286,6,Happy
2287,6,OOTD
2288,6,OOTD
2289,6,OOTD
2290,6,OOTD
2291,6,Friendship
2292,6,OOTD
2293,6,OOTD
2294,6,Happy
2295,6,Happy
2296,6,Friendship
2297,6,Selfie
2299,6,Travel
2318,6,Travel
2319,6,Happy
2320,6,Happy
2321,6,Happy
2322,6,Happy
2323,6,Selfie
2324,6,Selfie
2325,6,Travel
2327,6,Travel
2328,6,Selfie
2329,6,OOTD
2330,6,OOTD
2331,6,Travel
2332,6,Selfie
2333,6,Happy
2334,6,Happy
2335,6,Happy
2336,6,OOTD
2337,6,Selfie
2338,6,Travel
2339,6,Costumes
2340,6,Travel
2341,6,Friendship
2342,6,Happy
2343,6,Happy
2344,6,OOTD
2345,6,OOTD
2346,6,Happy
2347,6,Workout
2348,6,Happy
2349,6,Selfie
2350,6,Selfie
2351,6,Selfie
2352,6,Selfie
2353,6,Selfie
2355,6,Travel
2364,6,Black&White
2367,6,Friendship
2369,6,Happy
2370,6,Happy
2372,6,OOTD
2373,6,OOTD
2374,6,Selfie
2375,6,Black&White
2376,6,Friendship
1931,6,OOTD
1932,6,Friendship
1933,6,Happy
1934,6,Friendship
1936,6,Luxury
1937,6,Black&White
1938,6,Selfie
1939,6,Happy
1940,6,OOTD
1941,6,Sexy
1942,6,Friendship
1943,6,Happy
1944,6,Selfie
1945,6,Selfie
1946,6,Happy
1947,6,Friendship
1948,6,Travel
1949,6,Travel
1950,6,OOTD
1810,6,Selfie
1811,6,Sexy
1812,6,Happy
1813,6,Happy
1814,6,Sexy
1815,6,OOTD
1816,6,Selfie
1817,6,Happy
1818,6,Travel
1819,6,Luxury
1820,6,Happy
1821,6,Happy
1822,6,Happy
1823,6,Happy
1824,6,Selfie
1825,6,OOTD
1884,6,OOTD
1885,6,Happy
1886,6,Happy
1887,6,Travel
1888,6,Friendship
1889,6,Selfie
1890,6,Happy
1891,6,Sexy
1892,6,Happy
1893,6,OOTD
1894,6,Friendship
1895,6,Happy
1896,6,Happy
1897,6,Happy
1898,6,Selfie
1899,6,Happy
1900,6,Happy
1901,6,Selfie
1902,6,Friendship
1903,6,OOTD
1904,6,Friendship
1905,6,Happy
1906,6,Happy
1907,6,Friendship
1908,6,Friendship
1909,6,Happy
1911,6,Happy
1912,6,OOTD
1913,6,Selfie
1914,6,Selfie
1915,6,Friendship
1917,6,OOTD
1918,6,Travel
1919,6,Travel
1920,6,Friendship
1921,6,Sexy
1922,6,Travel
1923,6,Selfie
1924,6,Luxury
1925,6,Happy
1926,6,Happy
1927,6,Happy
1928,6,Friendship
1805,6,Selfie
1806,6,Selfie
1807,6,Selfie
1792,6,Happy
1793,6,Happy
1794,6,Selfie
1795,6,Selfie
1796,6,Happy
1797,6,OOTD
1798,6,Happy
1640,6,Happy
1641,6,Selfie
1642,6,OOTD
1643,6,Happy
1644,6,Happy
1645,6,Selfie
1646,6,Happy
1647,6,BabyBoss
1775,6,Friendship
1776,6,Friendship
1777,6,Selfie
1778,6,Happy
1779,6,Selfie
1780,6,Happy
1781,6,Selfie
1782,6,Selfie
1783,6,Selfie
1784,6,Selfie
1785,6,Selfie
1786,6,Selfie
1787,6,Travel
1788,6,OOTD
1827,6,Luxury
1828,6,Selfie
1829,6,Travel
1830,6,Travel
1831,6,Travel
1832,6,Travel
1833,6,Travel
1834,6,Travel
1835,6,Happy
1838,6,OOTD
1839,6,Travel
1840,6,Travel
1841,6,Travel
1842,6,Happy
1843,6,Happy
1844,6,Friendship
1845,6,Happy
1846,6,OOTD
1847,6,OOTD
1848,6,Happy
1849,6,Happy
1850,6,Friendship
1851,6,Selfie
1852,6,Happy
1855,6,Travel
1856,6,Travel
1857,6,Happy
1858,6,Happy
1859,6,Happy
1860,6,Travel
1861,6,Selfie
1862,6,Sexy
1863,6,Kitty
1864,6,Happy
1865,6,Travel
1866,6,Happy
1867,6,Happy
1868,6,OOTD
1499,6,Friendship
1500,6,Friendship
1501,6,Travel
1502,6,Happy
1517,6,Happy
1518,6,Selfie
1519,6,Happy
1520,6,Selfie
1521,6,Selfie
1522,6,Luxury
1431,6,Friendship
1432,6,Travel
1433,6,Selfie
1436,6,Happy
1437,6,OOTD
1438,6,Costumes
1635,6,Selfie
1636,6,Happy
1637,6,Happy
1638,6,BabyBoss
1746,6,OOTD
1749,6,Selfie
1750,6,Happy
1752,6,Selfie
1753,6,Friendship
1754,6,Happy
1755,6,Happy
1756,6,Travel
1757,6,OOTD
1758,6,OOTD
1759,6,Selfie
1760,6,Selfie
1761,6,Selfie
1762,6,Selfie
1763,6,Happy
1764,6,Happy
1765,6,Happy
1766,6,Travel
1767,6,Friendship
1769,6,OOTD
1770,6,Workout
1771,6,Happy
1772,6,Friendship
1773,6,Happy
1691,6,Selfie
1692,6,Friendship
1693,6,OOTD
1694,6,Selfie
1695,6,Happy
1696,6,OOTD
1697,6,Happy
1698,6,Friendship
1699,6,OOTD
1700,6,Happy
1701,6,OOTD
1702,6,Selfie
1703,6,Happy
1704,6,Happy
1705,6,Happy
1706,6,Happy
1707,6,Travel
1708,6,Friendship
1709,6,Happy
1710,6,Happy
1711,6,OOTD
1712,6,Happy
1715,6,Happy
1716,6,OOTD
1717,6,Travel
1718,6,Travel
1719,6,OOTD
1720,6,Workout
1721,6,Workout
1722,6,Luxury
1723,6,Selfie
1724,6,Happy
1725,6,Travel
1726,6,Travel
1732,6,Happy
1733,6,Friendship
1734,6,Friendship
1735,6,Selfie
1736,6,Friendship
1737,6,Travel
1738,6,Travel
1739,6,OOTD
1740,6,Selfie
1741,6,Happy
1742,6,OOTD
1743,6,Selfie
1744,6,Happy
1570,6,Travel
1571,6,Selfie
1572,6,Happy
1574,6,OOTD
1575,6,Happy
1576,6,Selfie
1577,6,Travel
1578,6,Travel
1584,6,Selfie
1585,6,Travel
1586,6,Travel
1587,6,Selfie
1588,6,Happy
1589,6,OOTD
1590,6,Selfie
1591,6,Selfie
1592,6,Happy
1593,6,Happy
1594,6,Happy
1595,6,Black&White
1596,6,Friendship
1597,6,Friendship
1598,6,Happy
1599,6,Friendship
1600,6,Happy
1604,6,OOTD
1605,6,Travel
1606,6,Travel
1607,6,Selfie
1608,6,Friendship
1609,6,Happy
1610,6,Happy
1611,6,Selfie
1612,6,Happy
1613,6,Happy
1614,6,Sexy
1615,6,Happy
1616,6,Selfie
1617,6,Friendship
1618,6,Travel
1619,6,Happy
1620,6,Friendship
1621,6,Happy
1622,6,Happy
1623,6,Happy
1624,6,Travel
1625,6,Black&White
1626,6,Travel
1627,6,OOTD
1628,6,Selfie
1629,6,Selfie
1630,6,Happy
1631,6,Happy
1650,6,Selfie
1653,6,Selfie
1655,6,Selfie
1656,6,OOTD
1657,6,OOTD
1658,6,Friendship
1660,6,Selfie
1662,6,Selfie
1663,6,Selfie
1664,6,Friendship
1665,6,Travel
1666,6,Travel
1667,6,Selfie
1668,6,Travel
1669,6,Happy
1672,6,OOTD
1673,6,Travel
1674,6,Happy
1675,6,Workout
1676,6,Friendship
1677,6,Happy
1678,6,Happy
1679,6,OOTD
1680,6,Happy
1681,6,Black&White
1682,6,Happy
1684,6,Happy
1685,6,OOTD
1686,6,Travel
1687,6,Happy
1688,6,Happy
1689,6,Travel
1310,6,Travel
1277,6,Sexy
1279,6,OOTD
1280,6,Happy
1396,6,Happy
1397,6,Friendship
1398,6,Happy
1399,6,Happy
1400,6,Travel
1401,6,Selfie
1402,6,OOTD
1406,6,Travel
1407,6,Friendship
1408,6,Friendship
1409,6,Selfie
1410,6,Travel
1411,6,Happy
1412,6,OOTD
1413,6,Luxury
1415,6,Luxury
1416,6,Happy
1417,6,Selfie
1418,6,Travel
1419,6,OOTD
1420,6,Travel
1421,6,Happy
1422,6,Happy
1423,6,OOTD
1424,6,Travel
1426,6,Happy
1427,6,Selfie
1428,6,OOTD
1429,6,Friendship
1356,6,Happy
1357,6,OOTD
1358,6,Happy
1359,6,Happy
1360,6,Happy
1361,6,Happy
1362,6,Happy
1363,6,Happy
1364,6,Happy
1365,6,Happy
1366,6,Happy
1367,6,Happy
1368,6,Happy
1369,6,Travel
1370,6,BodySweat
1371,6,Workout
1372,6,Travel
1373,6,Happy
1374,6,Workout
1375,6,OOTD
1376,6,Black&White
1377,6,Friendship
1378,6,Selfie
1379,6,Happy
1380,6,OOTD
1381,6,Happy
1383,6,Selfie
1384,6,Travel
1385,6,Friendship
1386,6,Selfie
1387,6,Happy
1388,6,Happy
1389,6,Happy
1390,6,Happy
1391,6,OOTD
1392,6,Selfie
1393,6,Happy
1394,6,Happy
1441,6,Travel
1442,6,Happy
1443,6,Luxury
1444,6,Luxury
1445,6,Sexy
1446,6,Happy
1447,6,Happy
1448,6,OOTD
1449,6,Travel
1451,6,Travel
1452,6,Travel
1453,6,Sexy
1454,6,Friendship
1456,6,Workout
1457,6,Selfie
1458,6,Happy
1459,6,Travel
1460,6,Travel
1461,6,Travel
1462,6,Selfie
1463,6,Happy
1464,6,Selfie
1465,6,OOTD
1466,6,Selfie
1467,6,Travel
1468,6,OOTD
1469,6,Happy
1470,6,Friendship
1471,6,Friendship
1473,6,Selfie
1474,6,Selfie
1475,6,Selfie
1476,6,Friendship
1477,6,Happy
1478,6,Happy
1479,6,OOTD
1481,6,Happy
1482,6,OOTD
1483,6,Travel
1484,6,Travel
1485,6,Friendship
1486,6,Happy
1487,6,Friendship
1488,6,Happy
1489,6,Happy
1490,6,Selfie
1491,6,Selfie
1492,6,Selfie
1493,6,Selfie
1494,6,Happy
1495,6,Friendship
1496,6,Selfie
1497,6,Happy
1528,6,Happy
1530,6,Selfie
1531,6,Travel
1532,6,Workout
1533,6,Happy
1534,6,Happy
1536,6,Happy
1537,6,Selfie
1538,6,Workout
1539,6,Friendship
1540,6,Friendship
1541,6,Happy
1542,6,OOTD
1543,6,OOTD
1544,6,OOTD
1545,6,Friendship
1546,6,Travel
1547,6,Happy
1548,6,Happy
1549,6,OOTD
1551,6,Selfie
1552,6,Selfie
1553,6,Selfie
1554,6,Happy
1555,6,Selfie
1556,6,Selfie
1560,6,Friendship
1561,6,Friendship
1564,6,Black&White
1565,6,BodySweat
1566,6,OOTD
1567,6,Selfie
1144,6,OOTD
1145,6,Happy
1146,6,Sexy
1119,6,Happy
1120,6,Friendship
1121,6,OOTD
1122,6,Selfie
1123,6,Travel
1106,6,Happy
1107,6,Selfie
1108,6,Travel
1109,6,Selfie
1110,6,Selfie
1111,6,OOTD
1112,6,OOTD
1113,6,OOTD
1114,6,Happy
1115,6,OOTD
1117,6,Happy
1282,6,Selfie
1283,6,Happy
1284,6,Black&White
1285,6,Happy
1286,6,Happy
1287,6,Travel
1288,6,Travel
1290,6,Selfie
1291,6,Luxury
1292,6,Happy
1293,6,Travel
1295,6,OOTD
1299,6,Black&White
1301,6,Happy
1306,6,OOTD
1307,6,Travel
1312,6,Happy
1313,6,Happy
1314,6,Happy
1315,6,Friendship
1316,6,BodySweat
1317,6,OOTD
1318,6,Selfie
1319,6,Happy
1320,6,OOTD
1321,6,Friendship
1322,6,Happy
1323,6,Happy
1324,6,OOTD
1325,6,Friendship
1328,6,OOTD
1329,6,OOTD
1330,6,Happy
1331,6,OOTD
1332,6,Happy
1333,6,Friendship
1334,6,Friendship
1335,6,Selfie
1336,6,Selfie
1337,6,Selfie
1338,6,OOTD
1339,6,Happy
1340,6,Selfie
1341,6,OOTD
1342,6,Happy
1343,6,OOTD
1344,6,Selfie
1346,6,Friendship
1347,6,OOTD
1349,6,Travel
1350,6,Happy
1351,6,Travel
1352,6,Friendship
1353,6,Friendship
1354,6,Friendship
1149,6,Selfie
1150,6,Happy
1151,6,Selfie
1152,6,OOTD
1153,6,Happy
1154,6,Happy
1155,6,Travel
1156,6,Happy
1157,6,Luxury
1158,6,Selfie
1159,6,OOTD
1160,6,Selfie
1161,6,Travel
1170,6,Happy
1171,6,Happy
1172,6,Happy
1173,6,Friendship
1174,6,Happy
1175,6,Selfie
1176,6,Selfie
1177,6,OOTD
1178,6,OOTD
1179,6,Happy
1180,6,Selfie
1181,6,Happy
1182,6,Happy
1183,6,OOTD
1184,6,Friendship
1185,6,Selfie
1186,6,Selfie
1187,6,Selfie
1188,6,Travel
1189,6,Selfie
1190,6,Travel
1191,6,Sexy
1192,6,Happy
1193,6,Selfie
1194,6,Friendship
1195,6,Selfie
1199,6,Sexy
1201,6,Happy
1202,6,Happy
1203,6,Selfie
1204,6,Friendship
1205,6,Happy
1206,6,Friendship
1207,6,Travel
1208,6,Happy
1209,6,Happy
1210,6,Workout
1211,6,Travel
1212,6,Happy
1213,6,Travel
1214,6,Happy
1220,6,Friendship
1221,6,Travel
1222,6,Travel
1223,6,Friendship
1224,6,Happy
1225,6,Workout
1226,6,OOTD
1227,6,Happy
1228,6,Happy
1230,6,Friendship
1231,6,Happy
1232,6,BodySweat
1233,6,Selfie
1234,6,Travel
1235,6,Travel
1236,6,Travel
1237,6,Travel
1238,6,Selfie
1239,6,Selfie
1240,6,Selfie
1241,6,Selfie
1242,6,Selfie
1243,6,OOTD
1244,6,Friendship
1245,6,Selfie
1246,6,Happy
1247,6,Friendship
1248,6,Selfie
1249,6,Happy
1250,6,Friendship
1252,6,Happy
1253,6,Selfie
1254,6,Selfie
1255,6,Selfie
1256,6,Selfie
1257,6,OOTD
1275,6,Selfie
711,6,Happy
712,6,Happy
713,6,Happy
714,6,Travel
706,6,Travel
707,6,OOTD
708,6,Friendship
995,6,Selfie
996,6,Selfie
997,6,OOTD
998,6,Happy
680,6,Happy
681,6,Selfie
1000,6,Friendship
1001,6,Selfie
1125,6,Happy
1126,6,Happy
1127,6,Selfie
1128,6,Selfie
1129,6,Happy
1130,6,Happy
1131,6,Happy
1132,6,Friendship
1133,6,Black&White
1134,6,Happy
1135,6,OOTD
1136,6,Happy
1137,6,OOTD
1138,6,OOTD
1139,6,OOTD
1140,6,Selfie
1017,6,Happy
1019,6,Selfie
1020,6,OOTD
1021,6,OOTD
1022,6,Happy
1023,6,Happy
1024,6,Friendship
1025,6,Happy
1035,6,Happy
1036,6,Happy
1037,6,BodySweat
1038,6,Happy
1057,6,Selfie
1058,6,Friendship
1059,6,OOTD
1060,6,Selfie
1064,6,Happy
1065,6,Travel
1066,6,Happy
1067,6,Selfie
1068,6,OOTD
1069,6,Travel
1070,6,Happy
1071,6,Happy
1072,6,Selfie
1073,6,Friendship
1074,6,Happy
1075,6,Friendship
1076,6,OOTD
1079,6,Friendship
1080,6,Selfie
1081,6,Selfie
1082,6,Friendship
1083,6,Travel
1084,6,OOTD
1085,6,Selfie
1086,6,Friendship
1087,6,Friendship
1088,6,Selfie
1089,6,Happy
1090,6,Happy
1091,6,Travel
1092,6,Happy
1093,6,Selfie
1094,6,BodySweat
1095,6,Friendship
1096,6,Luxury
1097,6,Travel
1100,6,Sexy
1101,6,OOTD
1102,6,Selfie
1103,6,Selfie
1104,6,Happy
738,6,Friendship
739,6,Friendship
740,6,Friendship
741,6,Happy
743,6,Travel
744,6,Travel
745,6,Travel
746,6,Travel
747,6,Happy
748,6,Selfie
749,6,Selfie
750,6,Selfie
751,6,Selfie
752,6,Selfie
753,6,Travel
754,6,Friendship
755,6,OOTD
756,6,Travel
757,6,Travel
758,6,Travel
759,6,Travel
760,6,Friendship
761,6,Selfie
762,6,Happy
763,6,Selfie
770,6,Happy
771,6,Happy
772,6,Friendship
773,6,Happy
774,6,Selfie
775,6,Happy
776,6,Friendship
777,6,Selfie
778,6,Travel
779,6,Selfie
780,6,Happy
781,6,Workout
782,6,Friendship
783,6,Workout
784,6,Selfie
785,6,Happy
786,6,Friendship
787,6,Friendship
788,6,Happy
789,6,Happy
790,6,Happy
791,6,Happy
792,6,Selfie
793,6,Travel
794,6,Sexy
795,6,Happy
717,6,Selfie
718,6,Friendship
719,6,Selfie
720,6,Friendship
721,6,Travel
722,6,Happy
723,6,Happy
724,6,Happy
725,6,Happy
726,6,Selfie
727,6,Selfie
728,6,Selfie
729,6,Selfie
730,6,Happy
731,6,Friendship
732,6,Friendship
733,6,Happy
734,6,Selfie
735,6,OOTD
701,6,Luxury
702,6,Selfie
703,6,Selfie
695,6,OOTD
696,6,Travel
697,6,Selfie
698,6,Friendship
689,6,OOTD
690,6,Travel
691,6,Selfie
692,6,Happy
683,6,Selfie
684,6,Happy
685,6,Travel
797,6,Selfie
798,6,Happy
799,6,Friendship
800,6,OOTD
805,6,Selfie
806,6,Travel
807,6,OOTD
808,6,Happy
809,6,OOTD
810,6,Happy
811,6,Selfie
812,6,OOTD
813,6,Black&White
814,6,OOTD
815,6,OOTD
816,6,OOTD
817,6,Selfie
819,6,Selfie
820,6,Sexy
821,6,Sexy
822,6,Happy
824,6,Sexy
825,6,Selfie
826,6,Selfie
827,6,Happy
828,6,OOTD
829,6,Happy
830,6,Selfie
831,6,Workout
832,6,Friendship
833,6,OOTD
834,6,OOTD
835,6,Travel
836,6,Happy
837,6,Friendship
838,6,OOTD
839,6,OOTD
840,6,OOTD
841,6,Happy
843,6,Happy
844,6,Happy
845,6,Happy
846,6,OOTD
847,6,Happy
848,6,Travel
849,6,Travel
850,6,Travel
851,6,Sexy
852,6,Happy
853,6,Happy
854,6,Happy
855,6,Friendship
856,6,Selfie
857,6,OOTD
858,6,OOTD
859,6,Happy
860,6,Happy
861,6,Happy
862,6,Happy
863,6,Happy
864,6,Happy
865,6,Black&White
866,6,Happy
867,6,Selfie
868,6,Friendship
869,6,Selfie
870,6,Happy
871,6,Black&White
872,6,Selfie
873,6,Selfie
874,6,Selfie
875,6,Selfie
876,6,Selfie
877,6,Selfie
878,6,Selfie
879,6,Selfie
880,6,Happy
881,6,OOTD
882,6,Selfie
883,6,OOTD
884,6,Happy
885,6,Luxury
886,6,Happy
887,6,Happy
888,6,Black&White
889,6,Happy
890,6,Happy
891,6,Happy
892,6,Workout
893,6,Friendship
894,6,OOTD
895,6,Black&White
896,6,Selfie
897,6,OOTD
898,6,OOTD
908,6,Happy
909,6,Happy
910,6,Happy
911,6,Happy
912,6,Friendship
913,6,OOTD
914,6,Travel
915,6,Friendship
916,6,Selfie
921,6,Friendship
922,6,Luxury
923,6,Friendship
924,6,Selfie
925,6,Happy
926,6,OOTD
927,6,Black&White
928,6,Selfie
929,6,Sexy
930,6,Selfie
931,6,Happy
932,6,Selfie
933,6,Selfie
934,6,Happy
935,6,Selfie
936,6,Travel
937,6,Travel
938,6,OOTD
939,6,Happy
940,6,Friendship
941,6,Happy
942,6,Sexy
943,6,Happy
944,6,Happy
945,6,OOTD
946,6,Happy
947,6,Selfie
948,6,Selfie
949,6,OOTD
950,6,OOTD
951,6,Selfie
952,6,Black&White
953,6,OOTD
954,6,Happy
955,6,Happy
956,6,Happy
957,6,Selfie
958,6,Happy
959,6,Happy
960,6,Happy
961,6,Friendship
962,6,Happy
963,6,Selfie
964,6,OOTD
965,6,Happy
966,6,Happy
967,6,Happy
968,6,Happy
969,6,OOTD
970,6,OOTD
971,6,OOTD
972,6,Selfie
973,6,Friendship
974,6,OOTD
975,6,Friendship
976,6,Selfie
977,6,Happy
978,6,Black&White
979,6,OOTD
980,6,Selfie
981,6,OOTD
982,6,OOTD
983,6,OOTD
984,6,Happy
985,6,Happy
991,6,Happy
992,6,Happy
993,6,Selfie
598,6,Happy
599,6,Happy
600,6,Happy
604,6,Happy
605,6,Happy
606,6,OOTD
607,6,OOTD
608,6,Sexy
609,6,OOTD
610,6,Selfie
611,6,Sexy
612,6,OOTD
613,6,OOTD
614,6,Selfie
615,6,Black&White
616,6,OOTD
617,6,Friendship
618,6,Selfie
619,6,Selfie
620,6,OOTD
621,6,Happy
622,6,Travel
623,6,OOTD
624,6,OOTD
625,6,OOTD
626,6,OOTD
627,6,Happy
628,6,Happy
629,6,Sexy
630,6,Friendship
631,6,Happy
632,6,Happy
633,6,Friendship
634,6,Friendship
635,6,Selfie
636,6,Selfie
637,6,Selfie
638,6,Happy
639,6,Selfie
640,6,Happy
641,6,Happy
642,6,Happy
643,6,Friendship
644,6,Happy
645,6,Friendship
646,6,Travel
647,6,Friendship
648,6,Selfie
649,6,Black&White
650,6,Selfie
651,6,Selfie
652,6,Happy
653,6,Selfie
654,6,Friendship
655,6,Happy
656,6,Selfie
657,6,Selfie
658,6,OOTD
659,6,Happy
660,6,Workout
661,6,Happy
662,6,Travel
663,6,Happy
664,6,Selfie
665,6,Happy
666,6,Happy
667,6,Happy
668,6,Selfie
669,6,Friendship
670,6,Friendship
671,6,Friendship
672,6,Friendship
673,6,Selfie
674,6,Selfie
675,6,Selfie
676,6,Happy
677,6,Happy
678,6,Happy
590,6,Friendship
591,6,Happy
592,6,Happy
593,6,Happy
594,6,Selfie
595,6,Happy
469,6,Selfie
470,6,Friendship
471,6,OOTD
472,6,Happy
473,6,Black&White
474,6,Happy
475,6,Happy
476,6,OOTD
477,6,Black&White
458,6,Happy
459,6,Happy
431,6,Happy
432,6,Selfie
444,6,Friendship
445,6,Happy
446,6,OOTD
447,6,Selfie
448,6,Selfie
449,6,Happy
417,6,Happy
418,6,Happy
396,6,Happy
397,6,Happy
384,6,Happy
385,6,Selfie
386,6,OOTD
387,6,OOTD
359,6,OOTD
352,6,Happy
353,6,Selfie
354,6,Selfie
337,6,OOTD
338,6,OOTD
339,6,Happy
479,6,OOTD
480,6,Friendship
481,6,Friendship
482,6,OOTD
483,6,OOTD
484,6,Happy
486,6,Happy
487,6,Happy
488,6,Selfie
489,6,OOTD
490,6,Happy
491,6,Black&White
492,6,OOTD
493,6,Happy
494,6,Happy
495,6,Selfie
496,6,OOTD
497,6,Selfie
498,6,Happy
499,6,Happy
500,6,OOTD
501,6,Selfie
502,6,Selfie
503,6,Selfie
504,6,OOTD
505,6,BodySweat
506,6,Selfie
507,6,OOTD
508,6,Happy
509,6,Happy
510,6,Selfie
511,6,Happy
512,6,OOTD
513,6,Happy
514,6,OOTD
515,6,Travel
516,6,Happy
517,6,OOTD
518,6,Travel
519,6,Happy
520,6,Travel
521,6,Friendship
522,6,Happy
523,6,Happy
524,6,Happy
526,6,Selfie
527,6,Happy
528,6,Happy
529,6,Sexy
530,6,Selfie
531,6,Friendship
532,6,Happy
533,6,OOTD
534,6,Happy
535,6,Happy
536,6,Selfie
537,6,Selfie
538,6,Happy
539,6,Friendship
540,6,Happy
541,6,Friendship
542,6,Selfie
543,6,Happy
544,6,Friendship
545,6,Workout
546,6,Selfie
548,6,OOTD
549,6,OOTD
550,6,OOTD
551,6,Happy
552,6,OOTD
553,6,Selfie
554,6,Black&White
555,6,OOTD
556,6,Black&White
557,6,Travel
558,6,Workout
559,6,Selfie
560,6,Happy
561,6,Happy
562,6,OOTD
563,6,OOTD
564,6,OOTD
565,6,Happy
566,6,Selfie
567,6,Selfie
568,6,Happy
569,6,Selfie
570,6,Happy
571,6,Happy
572,6,Selfie
573,6,Workout
574,6,Selfie
575,6,Travel
576,6,Travel
577,6,OOTD
578,6,Happy
579,6,Happy
580,6,OOTD
581,6,OOTD
582,6,Selfie
583,6,Friendship
584,6,Friendship
585,6,OOTD
586,6,Happy
587,6,Happy
3322,6,Black&White
3323,6,OOTD
3324,6,Selfie
3325,6,Selfie
3326,6,Happy
3327,6,Friendship
3328,6,Selfie
3329,6,OOTD
3330,6,Happy
3331,6,Travel
3336,6,OOTD
588,10,Selfie
340,10,OOTD
241,10,OOTD
235,10,OOTD
232,10,OOTD
229,10,OOTD
227,10,Happy
223,10,Happy
221,10,Happy
219,10,Happy
217,10,Happy
208,10,Black&White
212,10,OOTD
213,10,OOTD
214,10,OOTD
206,10,Happy
204,10,Happy
355,10,OOTD
356,10,OOTD
360,10,OOTD
334,10,OOTD
369,10,OOTD
367,10,OOTD
365,10,Selfie
363,10,OOTD
388,10,OOTD
374,10,Sexy
372,10,OOTD
400,10,Happy
394,10,OOTD
391,10,OOTD
392,10,Happy
415,10,Black&White
413,10,Selfie
410,10,Happy
411,10,Happy
408,10,Happy
402,10,Happy
404,10,Happy
405,10,Happy
406,10,Happy
452,10,Happy
426,10,Happy
424,10,Happy
420,10,Happy
421,10,Happy
422,10,Happy
436,10,Happy
454,10,Happy
438,10,Happy
439,10,Happy
460,10,Happy
467,10,Happy
464,10,Happy
478,10,Happy
596,10,Happy
679,10,Happy
994,10,OOTD
687,10,Sexy
693,10,Happy
699,10,Happy
704,10,Happy
736,10,Happy
1105,10,Selfie
1141,10,OOTD
1142,10,OOTD
1002,10,OOTD
999,10,OOTD
709,10,Happy
715,10,Costumes
1276,10,Selfie
1355,10,Friendship
1309,10,Travel
1118,10,Happy
1124,10,Selfie
1147,10,OOTD
1568,10,OOTD
1395,10,Happy
1430,10,Happy
1414,10,Happy
1403,10,BodySweat
1281,10,Happy
1278,10,Happy
1311,10,Travel
1405,10,Happy
1690,10,Happy
1632,10,Selfie
1745,10,Happy
1774,10,Happy
1639,10,Happy
1439,10,Selfie
1523,10,Travel
1524,10,Travel
1869,10,Sexy
1789,10,OOTD
1648,10,Happy
1808,10,OOTD
1802,10,Sexy
1803,10,OOTD
1804,10,OOTD
1929,10,Black&White
1826,10,Happy
1951,10,Happy
2377,10,Happy
2378,10,Black&White
2379,10,Black&White
2079,10,Happy
2168,10,Happy
2436,10,Happy
1964,10,Happy
1875,10,OOTD
1876,10,OOTD
2386,10,OOTD
2387,10,Happy
2388,10,Sexy
2389,10,OOTD
2548,10,Happy
2584,10,Happy
2552,10,Happy
201,10,Happy
1634,10,Selfie
2561,10,Black&White
2658,10,Sexy
2733,10,OOTD
2944,10,Selfie
2816,10,Happy
2995,10,Happy
2996,10,Happy
3139,10,OOTD
3056,10,Happy
3167,10,Selfie
3008,10,Selfie
2999,10,Happy
3175,10,OOTD
3143,10,Happy
3145,10,Happy
3001,6,OOTD
3004,6,Selfie
3088,6,Travel
3003,6,Selfie
3075,6,Travel
3216,6,OOTD
3218,6,OOTD
3231,6,Travel
3235,6,Black&White
3268,6,Friendship
3269,6,Black&White
3266,6,OOTD
3267,6,OOTD
3237,6,Happy
3234,6,Happy
3293,6,Happy
3294,6,Sexy
3255,6,OOTD
3256,6,Friendship
3264,6,Selfie
3228,6,OOTD
3271,6,Friendship
3238,6,Happy
3254,6,OOTD
3292,6,Travel
3233,6,OOTD
3232,6,OOTD
3265,6,OOTD
3295,6,Friendship
3229,6,Sexy
3217,6,BodySweat
3230,6,OOTD
3254,6,OOTD
3255,6,OOTD
3256,6,Happy